дата;домен;домен2;
2023-10-26;1XSLOTSCASINO.su;1XSLOTSCASINO.su;
2023-10-26;8020.su;8020.su;
2023-10-26;ABRIN.su;ABRIN.su;
2023-10-26;AISHA.su;AISHA.su;
2023-10-26;AMEON.su;AMEON.su;
2023-10-26;ANNIFRG.su;ANNIFRG.su;
2023-10-26;ANTONIOLUPI.su;ANTONIOLUPI.su;
2023-10-26;ARTHOUZ.su;ARTHOUZ.su;
2023-10-26;AUTORUS.su;AUTORUS.su;
2023-10-26;BAMSKED.su;BAMSKED.su;
2023-10-26;CHERKESOVO.su;CHERKESOVO.su;
2023-10-26;E4U.su;E4U.su;
2023-10-26;EBG.su;EBG.su;
2023-10-26;EVAPRODUCT.su;EVAPRODUCT.su;
2023-10-26;EZB.su;EZB.su;
2023-10-26;FLORALAND.su;FLORALAND.su;
2023-10-26;FORST.su;FORST.su;
2023-10-26;FOTOLENS.su;FOTOLENS.su;
2023-10-26;GLADX.su;GLADX.su;
2023-10-26;H4KD.su;H4KD.su;
2023-10-26;HEOWORLD.su;HEOWORLD.su;
2023-10-26;HILTI.su;HILTI.su;
2023-10-26;HOVARDCLUB.su;HOVARDCLUB.su;
2023-10-26;INJET.su;INJET.su;
2023-10-26;KFCCLUB.su;KFCCLUB.su;
2023-10-26;KLGV.su;KLGV.su;
2023-10-26;LAKI-KRASKI.su;LAKI-KRASKI.su;
2023-10-26;LOBODAKV.su;LOBODAKV.su;
2023-10-26;LONICERA.su;LONICERA.su;
2023-10-26;LUBAVA.su;LUBAVA.su;
2023-10-26;MARKIRATOR.su;MARKIRATOR.su;
2023-10-26;MASSIVMASTER33.su;MASSIVMASTER33.su;
2023-10-26;MINEWORLD.su;MINEWORLD.su;
2023-10-26;MKAT.su;MKAT.su;
2023-10-26;MLHOME.su;MLHOME.su;
2023-10-26;MWDEV.su;MWDEV.su;
2023-10-26;NAZIR.su;NAZIR.su;
2023-10-26;NVL.su;NVL.su;
2023-10-26;OBRABOTKA.su;OBRABOTKA.su;
2023-10-26;OVI.su;OVI.su;
2023-10-26;PINOYFLIXSREPLAY.su;PINOYFLIXSREPLAY.su;
2023-10-26;PINOYTELESERYEHDTV.su;PINOYTELESERYEHDTV.su;
2023-10-26;PINOYTVFLIXHD.su;PINOYTVFLIXHD.su;
2023-10-26;POIZON-CARGO.su;POIZON-CARGO.su;
2023-10-26;PRIVATYURIST.su;PRIVATYURIST.su;
2023-10-26;PULL.su;PULL.su;
2023-10-26;REALHELP.su;REALHELP.su;
2023-10-26;REPLAYPINOYFLIX.su;REPLAYPINOYFLIX.su;
2023-10-26;REPLAYSPINOYFLIX.su;REPLAYSPINOYFLIX.su;
2023-10-26;REPLAYSPINOYTV.su;REPLAYSPINOYTV.su;
2023-10-26;RHEUM.su;RHEUM.su;
2023-10-26;RUFSI.su;RUFSI.su;
2023-10-26;SELLER-EXPERT.su;SELLER-EXPERT.su;
2023-10-26;SHURMA.su;SHURMA.su;
2023-10-26;SPONDA.su;SPONDA.su;
2023-10-26;SPRAVKARF.su;SPRAVKARF.su;
2023-10-26;STARBAZAAR.su;STARBAZAAR.su;
2023-10-26;STEARAT.su;STEARAT.su;
2023-10-26;TEST-SITE.su;TEST-SITE.su;
2023-10-26;UNBREAKABLE.su;UNBREAKABLE.su;
2023-10-26;VALFEX.su;VALFEX.su;
2023-10-26;VEDALIFE.su;VEDALIFE.su;
2023-10-26;VIOMI.su;VIOMI.su;
2023-10-26;VSEVDOM.su;VSEVDOM.su;
2023-10-26;VYMPEL.su;VYMPEL.su;
2023-10-26;WARSHIPS.su;WARSHIPS.su;
2023-10-26;WBCON.su;WBCON.su;
2023-10-27;521.su;521.su;
2023-10-27;9ANIMESHD.su;9ANIMESHD.su;
2023-10-27;9ANIMETVS.su;9ANIMETVS.su;
2023-10-27;ANGELOV.su;ANGELOV.su;
2023-10-27;AUDI-ARKHANGELSK.su;AUDI-ARKHANGELSK.su;
2023-10-27;AUDI-CHEREPOVETS.su;AUDI-CHEREPOVETS.su;
2023-10-27;AUDI-HABAROVSK.su;AUDI-HABAROVSK.su;
2023-10-27;AUDI-IVANOVO.su;AUDI-IVANOVO.su;
2023-10-27;AUDI-KALUGA.su;AUDI-KALUGA.su;
2023-10-27;AUDI-KURSK.su;AUDI-KURSK.su;
2023-10-27;AUDI-MURMANSK.su;AUDI-MURMANSK.su;
2023-10-27;AUDI-NIZHNEVARTOVSK.su;AUDI-NIZHNEVARTOVSK.su;
2023-10-27;AUDI-NOVOKUZNETSK.su;AUDI-NOVOKUZNETSK.su;
2023-10-27;AUDI-PETROZAVODSK.su;AUDI-PETROZAVODSK.su;
2023-10-27;AUDI-SOCHI.su;AUDI-SOCHI.su;
2023-10-27;AUDI-TULA.su;AUDI-TULA.su;
2023-10-27;AUDI-TVER.su;AUDI-TVER.su;
2023-10-27;AUDI-ULYANOVSK.su;AUDI-ULYANOVSK.su;
2023-10-27;AUDI-VLADIVOSTOK.su;AUDI-VLADIVOSTOK.su;
2023-10-27;AUDI-YAROSLAVL.su;AUDI-YAROSLAVL.su;
2023-10-27;AURORAOS.su;AURORAOS.su;
2023-10-27;AUTISM.su;AUTISM.su;
2023-10-27;BENTOMANGA.su;BENTOMANGA.su;
2023-10-27;BERGEN.su;BERGEN.su;
2023-10-27;BIGO.su;BIGO.su;
2023-10-27;BSKA.su;BSKA.su;
2023-10-27;BUHGALTER24.su;BUHGALTER24.su;
2023-10-27;CARDSTOP-DEBLOKKEREN.su;CARDSTOP-DEBLOKKEREN.su;
2023-10-27;CHATUP.su;CHATUP.su;
2023-10-27;CLOUD96.su;CLOUD96.su;
2023-10-27;CRUISER.su;CRUISER.su;
2023-10-27;CTK.su;CTK.su;
2023-10-27;D-GROUP.su;D-GROUP.su;
2023-10-27;DIVNOGORSK.su;DIVNOGORSK.su;
2023-10-27;DONTABAKOZ02.su;DONTABAKOZ02.su;
2023-10-27;EXPERTIZANSK.su;EXPERTIZANSK.su;
2023-10-27;FACTORIA-RP.su;FACTORIA-RP.su;
2023-10-27;FOGA.su;FOGA.su;
2023-10-27;FORDERUNG-H452923.su;FORDERUNG-H452923.su;
2023-10-27;GOGOANIMEHD.su;GOGOANIMEHD.su;
2023-10-27;GOGOANIMESHD.su;GOGOANIMESHD.su;
2023-10-27;GOLINK.su;GOLINK.su;
2023-10-27;GOOXI.su;GOOXI.su;
2023-10-27;HUGLY.su;HUGLY.su;
2023-10-27;IFE.su;IFE.su;
2023-10-27;ILIN.su;ILIN.su;
2023-10-27;INTER-KOM.su;INTER-KOM.su;
2023-10-27;ISTI.su;ISTI.su;
2023-10-27;ITMALL.su;ITMALL.su;
2023-10-27;ITSME-VERIFICATIE.su;ITSME-VERIFICATIE.su;
2023-10-27;IV-AGENCY.su;IV-AGENCY.su;
2023-10-27;KINATPLAY.su;KINATPLAY.su;
2023-10-27;KORONKI.su;KORONKI.su;
2023-10-27;KRASIMOKNA.su;KRASIMOKNA.su;
2023-10-27;LABEL-RUS.su;LABEL-RUS.su;
2023-10-27;LIHANA.su;LIHANA.su;
2023-10-27;LYL.su;LYL.su;
2023-10-27;METADEDICATETEAM.su;METADEDICATETEAM.su;
2023-10-27;MMDOM.su;MMDOM.su;
2023-10-27;MOVERS.su;MOVERS.su;
2023-10-27;MYGOV-AUSTRALIAONLINE.su;MYGOV-AUSTRALIAONLINE.su;
2023-10-27;NEEK.su;NEEK.su;
2023-10-27;NIKA-REMONT.su;NIKA-REMONT.su;
2023-10-27;PERSONNEL.su;PERSONNEL.su;
2023-10-27;PORNGAMES.su;PORNGAMES.su;
2023-10-27;PRIZM.su;PRIZM.su;
2023-10-27;PROCTOR.su;PROCTOR.su;
2023-10-27;RATAS.su;RATAS.su;
2023-10-27;REPSKILLER.su;REPSKILLER.su;
2023-10-27;ROVNO.su;ROVNO.su;
2023-10-27;RUCPK.su;RUCPK.su;
2023-10-27;RUSAUTOPARTS.su;RUSAUTOPARTS.su;
2023-10-27;SEO-TOP.su;SEO-TOP.su;
2023-10-27;SHIPPINGSERVICE.su;SHIPPINGSERVICE.su;
2023-10-27;SOCSMM.su;SOCSMM.su;
2023-10-27;SRAZUSTROY.su;SRAZUSTROY.su;
2023-10-27;START-STOP.su;START-STOP.su;
2023-10-27;STEBLI.su;STEBLI.su;
2023-10-27;SYMLINK.su;SYMLINK.su;
2023-10-27;TARKOV.su;TARKOV.su;
2023-10-27;TORQUE.su;TORQUE.su;
2023-10-27;UBMRELLASALE.su;UBMRELLASALE.su;
2023-10-27;WEBSCHOOL.su;WEBSCHOOL.su;
2023-10-27;YOW.su;YOW.su;
2023-10-27;ZYFRA.su;ZYFRA.su;
2023-10-27;XN--80AGCQD0AX.su;сайдинг.su;
2023-10-28;24UA.su;24UA.su;
2023-10-28;AKAMA.su;AKAMA.su;
2023-10-28;ASPECTGROUP.su;ASPECTGROUP.su;
2023-10-28;ATERAKTIVERA-BANKID.su;ATERAKTIVERA-BANKID.su;
2023-10-28;BESTABAK.su;BESTABAK.su;
2023-10-28;BULBUL.su;BULBUL.su;
2023-10-28;CAAC.su;CAAC.su;
2023-10-28;CINEMAPARK.su;CINEMAPARK.su;
2023-10-28;CRAFT-IT.su;CRAFT-IT.su;
2023-10-28;CVEROL.su;CVEROL.su;
2023-10-28;DELIV.su;DELIV.su;
2023-10-28;DEPLOYER.su;DEPLOYER.su;
2023-10-28;DZOTTI.su;DZOTTI.su;
2023-10-28;EMMAPERMANENT.su;EMMAPERMANENT.su;
2023-10-28;ENERGOSTANDART.su;ENERGOSTANDART.su;
2023-10-28;FFM.su;FFM.su;
2023-10-28;FILM-NETFLLX.su;FILM-NETFLLX.su;
2023-10-28;GIFTBOXX.su;GIFTBOXX.su;
2023-10-28;GTA6RP.su;GTA6RP.su;
2023-10-28;IBET.su;IBET.su;
2023-10-28;IPROMARKET.su;IPROMARKET.su;
2023-10-28;IRONMAC.su;IRONMAC.su;
2023-10-28;JACK-RUS.su;JACK-RUS.su;
2023-10-28;KUBE.su;KUBE.su;
2023-10-28;LIBRE-HOME.su;LIBRE-HOME.su;
2023-10-28;LMDESIGN.su;LMDESIGN.su;
2023-10-28;LYNXAUTO.su;LYNXAUTO.su;
2023-10-28;M5S.su;M5S.su;
2023-10-28;MAURELETPROM.su;MAURELETPROM.su;
2023-10-28;MILLS.su;MILLS.su;
2023-10-28;OPTUS.su;OPTUS.su;
2023-10-28;PACKING.su;PACKING.su;
2023-10-28;PINOYSFLIXCHANNEL.su;PINOYSFLIXCHANNEL.su;
2023-10-28;PINOYTVSTELESERYE.su;PINOYTVSTELESERYE.su;
2023-10-28;PITM.su;PITM.su;
2023-10-28;PROVINT.su;PROVINT.su;
2023-10-28;RCG.su;RCG.su;
2023-10-28;RPCHUB.su;RPCHUB.su;
2023-10-28;RUBOT.su;RUBOT.su;
2023-10-28;SATSGO.su;SATSGO.su;
2023-10-28;SATURDAY.su;SATURDAY.su;
2023-10-28;SKYRISE.su;SKYRISE.su;
2023-10-28;SMART-LAW.su;SMART-LAW.su;
2023-10-28;SNAPPYDRIVERINSTALLER.su;SNAPPYDRIVERINSTALLER.su;
2023-10-28;SPORTSTIL.su;SPORTSTIL.su;
2023-10-28;TAXOPARK-100.su;TAXOPARK-100.su;
2023-10-28;TECHEXPERT.su;TECHEXPERT.su;
2023-10-28;TECHNOLOGIES.su;TECHNOLOGIES.su;
2023-10-28;TGZAP.su;TGZAP.su;
2023-10-28;TRUCKERS.su;TRUCKERS.su;
2023-10-28;UPSEN.su;UPSEN.su;
2023-10-28;VOS.su;VOS.su;
2023-10-28;WILDGRAPES.su;WILDGRAPES.su;
2023-10-28;WOWCOAT.su;WOWCOAT.su;
2023-10-28;ZAVIVALOVESKY.su;ZAVIVALOVESKY.su;
2023-10-28;XN--80AQE4A.su;каис.su;
2023-10-28;XN--80APFBIAHFGUUH.su;коммуникатор.su;
2023-10-29;CLOWN.su;CLOWN.su;
2023-10-29;DATA-IO.su;DATA-IO.su;
2023-10-29;DATAIO.su;DATAIO.su;
2023-10-29;DEVBUILD-VENOM.su;DEVBUILD-VENOM.su;
2023-10-29;DONTABAKOZ03.su;DONTABAKOZ03.su;
2023-10-29;DRIVERBOOSTER.su;DRIVERBOOSTER.su;
2023-10-29;GDBD.su;GDBD.su;
2023-10-29;GRAND-MONEY.su;GRAND-MONEY.su;
2023-10-29;HREN.su;HREN.su;
2023-10-29;IP-24.su;IP-24.su;
2023-10-29;KAZARMA.su;KAZARMA.su;
2023-10-29;LANDLORD.su;LANDLORD.su;
2023-10-29;LUCKY-MONEY.su;LUCKY-MONEY.su;
2023-10-29;MYCHAT.su;MYCHAT.su;
2023-10-29;NAUMINTERIER.su;NAUMINTERIER.su;
2023-10-29;NLO.su;NLO.su;
2023-10-29;PINOYTAMBAYANTELESERYES.su;PINOYTAMBAYANTELESERYES.su;
2023-10-29;PRACHKA.su;PRACHKA.su;
2023-10-29;PRO-COACH.su;PRO-COACH.su;
2023-10-29;PRZ.su;PRZ.su;
2023-10-29;PURITY.su;PURITY.su;
2023-10-29;SERIAL-NETFFX.su;SERIAL-NETFFX.su;
2023-10-29;STARVARA.su;STARVARA.su;
2023-10-29;TAPER.su;TAPER.su;
2023-10-29;UZ-AKSIA.su;UZ-AKSIA.su;
2023-10-29;VECTOR-CLUB.su;VECTOR-CLUB.su;
2023-10-29;VORONKA.su;VORONKA.su;
2023-10-29;VPNET.su;VPNET.su;
2023-10-29;VYATCHANIN.su;VYATCHANIN.su;
2023-10-29;ZARICHE.su;ZARICHE.su;
2023-10-29;XN--80AAA0ANP1A.su;казарма.su;
2023-10-29;XN--80AABZH3ANHJ.su;стройбаза.su;
2023-10-30;062.su;062.su;
2023-10-30;19CIRCLES.su;19CIRCLES.su;
2023-10-30;961DZMUBBG.su;961DZMUBBG.su;
2023-10-30;99USLUG.su;99USLUG.su;
2023-10-30;ABAKAT.su;ABAKAT.su;
2023-10-30;ADS-MANAGEMENT.su;ADS-MANAGEMENT.su;
2023-10-30;AI2.su;AI2.su;
2023-10-30;AIRDROP-MANAGER.su;AIRDROP-MANAGER.su;
2023-10-30;ALLWORLD-CC.su;ALLWORLD-CC.su;
2023-10-30;ARTELIA.su;ARTELIA.su;
2023-10-30;BADB.su;BADB.su;
2023-10-30;BANKTEST.su;BANKTEST.su;
2023-10-30;BAZAR-VCLUB.su;BAZAR-VCLUB.su;
2023-10-30;BESTIPTV.su;BESTIPTV.su;
2023-10-30;BMK-GROUP.su;BMK-GROUP.su;
2023-10-30;BPCSQUAD.su;BPCSQUAD.su;
2023-10-30;BUKWNLPK4K.su;BUKWNLPK4K.su;
2023-10-30;CHINDADUMP.su;CHINDADUMP.su;
2023-10-30;CVVCCSHOP.su;CVVCCSHOP.su;
2023-10-30;CVVME-ST.su;CVVME-ST.su;
2023-10-30;CVVMEST.su;CVVMEST.su;
2023-10-30;CVVMEST-SHOPS.su;CVVMEST-SHOPS.su;
2023-10-30;CVVUNION-STORE.su;CVVUNION-STORE.su;
2023-10-30;DCMOTORS.su;DCMOTORS.su;
2023-10-30;DIME.su;DIME.su;
2023-10-30;DROP-MANAGER.su;DROP-MANAGER.su;
2023-10-30;DVSD.su;DVSD.su;
2023-10-30;ESTETIKA.su;ESTETIKA.su;
2023-10-30;FEACC18-CARDER.su;FEACC18-CARDER.su;
2023-10-30;GIMNAIL.su;GIMNAIL.su;
2023-10-30;GMEIL.su;GMEIL.su;
2023-10-30;GOLDSWIPE.su;GOLDSWIPE.su;
2023-10-30;HIMAIL.su;HIMAIL.su;
2023-10-30;HONEYMONEY.su;HONEYMONEY.su;
2023-10-30;HUSTLEBANK.su;HUSTLEBANK.su;
2023-10-30;IQ7GREXSVO.su;IQ7GREXSVO.su;
2023-10-30;ISPO.su;ISPO.su;
2023-10-30;JFZN9FNVJR.su;JFZN9FNVJR.su;
2023-10-30;KAPIBARA.su;KAPIBARA.su;
2023-10-30;KOSHKOL.su;KOSHKOL.su;
2023-10-30;LEELA-VILLAS.su;LEELA-VILLAS.su;
2023-10-30;LUMERO.su;LUMERO.su;
2023-10-30;MARIE.su;MARIE.su;
2023-10-30;MIRBOX.su;MIRBOX.su;
2023-10-30;MYFIN.su;MYFIN.su;
2023-10-30;NPOPOLYMER.su;NPOPOLYMER.su;
2023-10-30;SANDANA.su;SANDANA.su;
2023-10-30;SATKOM.su;SATKOM.su;
2023-10-30;SESMSK.su;SESMSK.su;
2023-10-30;SHALOMNINJA-CVV.su;SHALOMNINJA-CVV.su;
2023-10-30;SHALOMNINJA-MARKET.su;SHALOMNINJA-MARKET.su;
2023-10-30;SHETINA.su;SHETINA.su;
2023-10-30;SLAM.su;SLAM.su;
2023-10-30;SNET.su;SNET.su;
2023-10-30;SOLOMONOVA.su;SOLOMONOVA.su;
2023-10-30;SPW.su;SPW.su;
2023-10-30;SUPERFOOD.su;SUPERFOOD.su;
2023-10-30;SWIPED1.su;SWIPED1.su;
2023-10-30;TAKEGRIEF.su;TAKEGRIEF.su;
2023-10-30;TRY2SERVICESVC.su;TRY2SERVICESVC.su;
2023-10-30;UNICVV-STORE.su;UNICVV-STORE.su;
2023-10-30;UNICVVSHOPS.su;UNICVVSHOPS.su;
2023-10-30;UP-D.su;UP-D.su;
2023-10-30;VALIDMS.su;VALIDMS.su;
2023-10-30;VCLUBSHOP-SHOPS.su;VCLUBSHOP-SHOPS.su;
2023-10-30;VELKOM.su;VELKOM.su;
2023-10-30;VIDPLAY.su;VIDPLAY.su;
2023-10-30;W14S58TOXO.su;W14S58TOXO.su;
2023-10-30;WEB3-ANALYTIC.su;WEB3-ANALYTIC.su;
2023-10-30;WEB3-API-V10.su;WEB3-API-V10.su;
2023-10-30;YOURBUH.su;YOURBUH.su;
2023-10-30;YOUTIME.su;YOUTIME.su;
2023-10-30;Z-PAY.su;Z-PAY.su;
2023-10-30;XN--B1ADQKJBB.su;домовой.su;
2023-10-30;XN--80AAAC8AK0BL.su;капибара.su;
2023-10-30;XN--E1ACECLFF2AQI4H.su;мультирежим.su;
2023-10-30;XN--M1AC.su;но.su;
2023-10-31;ALFINA-ELECTRO.su;ALFINA-ELECTRO.su;
2023-10-31;APP-REVIEWS.su;APP-REVIEWS.su;
2023-10-31;ARENA-PRINT.su;ARENA-PRINT.su;
2023-10-31;AROLO.su;AROLO.su;
2023-10-31;ATOMC60.su;ATOMC60.su;
2023-10-31;AURIEL-ARKVEN.su;AURIEL-ARKVEN.su;
2023-10-31;BAGON.su;BAGON.su;
2023-10-31;BANKROTSTVO-MSK.su;BANKROTSTVO-MSK.su;
2023-10-31;BCLICKER.su;BCLICKER.su;
2023-10-31;BIBINTO.su;BIBINTO.su;
2023-10-31;BROKERSTRIFOR.su;BROKERSTRIFOR.su;
2023-10-31;CAR-LUX.su;CAR-LUX.su;
2023-10-31;CASHIER.su;CASHIER.su;
2023-10-31;CDN-DATA.su;CDN-DATA.su;
2023-10-31;CEKTOP.su;CEKTOP.su;
2023-10-31;CHAIR.su;CHAIR.su;
2023-10-31;ELEC-SIR.su;ELEC-SIR.su;
2023-10-31;ENGI-S.su;ENGI-S.su;
2023-10-31;EVOLUTIONMOTOROIL.su;EVOLUTIONMOTOROIL.su;
2023-10-31;FIRSOVHOUSE.su;FIRSOVHOUSE.su;
2023-10-31;FITADEP.su;FITADEP.su;
2023-10-31;G-D-Z.su;G-D-Z.su;
2023-10-31;GEELYMONJARO.su;GEELYMONJARO.su;
2023-10-31;HEALTHCOACH.su;HEALTHCOACH.su;
2023-10-31;HITECHLOWLIFE.su;HITECHLOWLIFE.su;
2023-10-31;IPTVRESELLERS.su;IPTVRESELLERS.su;
2023-10-31;ITPRO.su;ITPRO.su;
2023-10-31;IZMOL.su;IZMOL.su;
2023-10-31;JCONSULT.su;JCONSULT.su;
2023-10-31;KRACHT.su;KRACHT.su;
2023-10-31;LADADIGIT.su;LADADIGIT.su;
2023-10-31;LOVETIRAMI.su;LOVETIRAMI.su;
2023-10-31;MHERO1.su;MHERO1.su;
2023-10-31;MHERO2.su;MHERO2.su;
2023-10-31;MHERO3.su;MHERO3.su;
2023-10-31;MHERO4.su;MHERO4.su;
2023-10-31;MHERO5.su;MHERO5.su;
2023-10-31;MHERO6.su;MHERO6.su;
2023-10-31;MHERO7.su;MHERO7.su;
2023-10-31;MHERO8.su;MHERO8.su;
2023-10-31;MHERO9.su;MHERO9.su;
2023-10-31;MILLINGCNC.su;MILLINGCNC.su;
2023-10-31;MINOBORONA.su;MINOBORONA.su;
2023-10-31;MOWE.su;MOWE.su;
2023-10-31;NEVSKI.su;NEVSKI.su;
2023-10-31;OTZYVY-BROKER-STRIFOR.su;OTZYVY-BROKER-STRIFOR.su;
2023-10-31;PASVERVANGEN.su;PASVERVANGEN.su;
2023-10-31;PERMACH.su;PERMACH.su;
2023-10-31;POPSOCIAL.su;POPSOCIAL.su;
2023-10-31;PORTRET.su;PORTRET.su;
2023-10-31;PPO.su;PPO.su;
2023-10-31;PROMOKODY.su;PROMOKODY.su;
2023-10-31;PROTOTYPE.su;PROTOTYPE.su;
2023-10-31;RAION.su;RAION.su;
2023-10-31;REDMARK.su;REDMARK.su;
2023-10-31;RRTT.su;RRTT.su;
2023-10-31;RUSTEH.su;RUSTEH.su;
2023-10-31;S-IT.su;S-IT.su;
2023-10-31;SAMOWARE.su;SAMOWARE.su;
2023-10-31;SITOM.su;SITOM.su;
2023-10-31;SMARTSTAFF.su;SMARTSTAFF.su;
2023-10-31;SOFT-IT.su;SOFT-IT.su;
2023-10-31;SOZVEZDLE.su;SOZVEZDLE.su;
2023-10-31;SUPROTKIN.su;SUPROTKIN.su;
2023-10-31;SURFRADIO.su;SURFRADIO.su;
2023-10-31;SYNTHSABER.su;SYNTHSABER.su;
2023-10-31;TARANTINA.su;TARANTINA.su;
2023-10-31;TASKER.su;TASKER.su;
2023-10-31;THETA.su;THETA.su;
2023-10-31;TOPZAIM.su;TOPZAIM.su;
2023-10-31;TRISTA.su;TRISTA.su;
2023-10-31;TSRNA.su;TSRNA.su;
2023-10-31;UNITED-SHOP.su;UNITED-SHOP.su;
2023-10-31;UNIVERSALSTANKI.su;UNIVERSALSTANKI.su;
2023-10-31;VESELOFF.su;VESELOFF.su;
2023-10-31;VOLTON.su;VOLTON.su;
2023-10-31;WELDMACHINES.su;WELDMACHINES.su;
2023-10-31;WILDGOOSE.su;WILDGOOSE.su;
2023-10-31;ZAREZ.su;ZAREZ.su;
2023-10-31;ZEMEXPERT.su;ZEMEXPERT.su;
2023-10-31;ZETTER.su;ZETTER.su;
2023-10-31;ZFPARK.su;ZFPARK.su;
2023-10-31;ZOZH.su;ZOZH.su;
2023-10-31;XN--E1AAE2BIA.su;зеттер.su;
2023-10-31;XN--80ANKSGV.su;зфпарк.su;
2023-10-31;XN--H1ADBC.su;клик.su;
2023-10-31;XN--D1AHFKJD1A.su;купидом.su;
2023-10-31;XN--90AFE6ABBDN.su;одобрено.su;
2023-11-01;1WORK.su;1WORK.su;
2023-11-01;ABCBODY.su;ABCBODY.su;
2023-11-01;ARGOBLOCKCHAINPLC.su;ARGOBLOCKCHAINPLC.su;
2023-11-01;ASKADA.su;ASKADA.su;
2023-11-01;BIZHELP.su;BIZHELP.su;
2023-11-01;BLAZINGBYTE.su;BLAZINGBYTE.su;
2023-11-01;BMD.su;BMD.su;
2023-11-01;BORODINO.su;BORODINO.su;
2023-11-01;BRUNJ.su;BRUNJ.su;
2023-11-01;BVF.su;BVF.su;
2023-11-01;CEM.su;CEM.su;
2023-11-01;CHR.su;CHR.su;
2023-11-01;CVV-PRO.su;CVV-PRO.su;
2023-11-01;CVVME-SHOP.su;CVVME-SHOP.su;
2023-11-01;CVVME-STORE.su;CVVME-STORE.su;
2023-11-01;DAYSTAR.su;DAYSTAR.su;
2023-11-01;DESPORT.su;DESPORT.su;
2023-11-01;DIAGONAL.su;DIAGONAL.su;
2023-11-01;ECM.su;ECM.su;
2023-11-01;ELISIR.su;ELISIR.su;
2023-11-01;EMPIZZA.su;EMPIZZA.su;
2023-11-01;FILMZONA.su;FILMZONA.su;
2023-11-01;FLI.su;FLI.su;
2023-11-01;FUNDAMENTALNO.su;FUNDAMENTALNO.su;
2023-11-01;GOODPLAN.su;GOODPLAN.su;
2023-11-01;GRAYFOX.su;GRAYFOX.su;
2023-11-01;GREENSTONE.su;GREENSTONE.su;
2023-11-01;HUTTON.su;HUTTON.su;
2023-11-01;ICA.su;ICA.su;
2023-11-01;IN-TIME.su;IN-TIME.su;
2023-11-01;INFOFOX.su;INFOFOX.su;
2023-11-01;INFORTE.su;INFORTE.su;
2023-11-01;IOZ.su;IOZ.su;
2023-11-01;JPG3.su;JPG3.su;
2023-11-01;KCT.su;KCT.su;
2023-11-01;KFC.su;KFC.su;
2023-11-01;KOLENKA.su;KOLENKA.su;
2023-11-01;LVIDEO.su;LVIDEO.su;
2023-11-01;MAKSIMENKO.su;MAKSIMENKO.su;
2023-11-01;MIROSHNIK.su;MIROSHNIK.su;
2023-11-01;MKC.su;MKC.su;
2023-11-01;NARODGOV.su;NARODGOV.su;
2023-11-01;PENTAX-MEDICAL.su;PENTAX-MEDICAL.su;
2023-11-01;PEOPLEFINDER.su;PEOPLEFINDER.su;
2023-11-01;PESHI.su;PESHI.su;
2023-11-01;PLANNER.su;PLANNER.su;
2023-11-01;PROFFORUM.su;PROFFORUM.su;
2023-11-01;PROFIT-RIDERS.su;PROFIT-RIDERS.su;
2023-11-01;PROMO-CODE.su;PROMO-CODE.su;
2023-11-01;PROSTORNY.su;PROSTORNY.su;
2023-11-01;ROBUS.su;ROBUS.su;
2023-11-01;RUSSUB.su;RUSSUB.su;
2023-11-01;SEGODNYA.su;SEGODNYA.su;
2023-11-01;SEMIGORE.su;SEMIGORE.su;
2023-11-01;SHOP-ALPHATECH.su;SHOP-ALPHATECH.su;
2023-11-01;SO2.su;SO2.su;
2023-11-01;SPOOKYSCRAPINC.su;SPOOKYSCRAPINC.su;
2023-11-01;STONHAUS.su;STONHAUS.su;
2023-11-01;TOBE-ONLINE.su;TOBE-ONLINE.su;
2023-11-01;TOPSOLUTION.su;TOPSOLUTION.su;
2023-11-01;TSG.su;TSG.su;
2023-11-01;VALERIA.su;VALERIA.su;
2023-11-01;VIPTELEFON.su;VIPTELEFON.su;
2023-11-01;VO-DELA.su;VO-DELA.su;
2023-11-01;WELLMACHTOOL.su;WELLMACHTOOL.su;
2023-11-01;WMTCNC.su;WMTCNC.su;
2023-11-01;WMTCNCTOOL.su;WMTCNCTOOL.su;
2023-11-01;ZIBEN.su;ZIBEN.su;
2023-11-01;XN--80AAFGGBKHLNIWP7J.su;дизайнчеловека.su;
2023-11-01;XN--80AA2AZAK.su;карта.su;
2023-11-02;1HMM.su;1HMM.su;
2023-11-02;ABVGDEIKA-REUTOV.su;ABVGDEIKA-REUTOV.su;
2023-11-02;APZ.su;APZ.su;
2023-11-02;ARMAGROUP.su;ARMAGROUP.su;
2023-11-02;ARTPOLIMER.su;ARTPOLIMER.su;
2023-11-02;ARZSIRIUS.su;ARZSIRIUS.su;
2023-11-02;ATHLETE.su;ATHLETE.su;
2023-11-02;AUTOCOLOR.su;AUTOCOLOR.su;
2023-11-02;BABLOSS.su;BABLOSS.su;
2023-11-02;BOROVKOVS.su;BOROVKOVS.su;
2023-11-02;BUDGET-ONLINE.su;BUDGET-ONLINE.su;
2023-11-02;BUSINESSHOUSE.su;BUSINESSHOUSE.su;
2023-11-02;CARGOVOZ.su;CARGOVOZ.su;
2023-11-02;CARRYCAT.su;CARRYCAT.su;
2023-11-02;DAOGROUP.su;DAOGROUP.su;
2023-11-02;DETDIET.su;DETDIET.su;
2023-11-02;DODO.su;DODO.su;
2023-11-02;DREAMFITTOUR.su;DREAMFITTOUR.su;
2023-11-02;DSGNR.su;DSGNR.su;
2023-11-02;FOOTBALLMASTERS.su;FOOTBALLMASTERS.su;
2023-11-02;GO88L.su;GO88L.su;
2023-11-02;GO88O.su;GO88O.su;
2023-11-02;GO88P.su;GO88P.su;
2023-11-02;GO88Q.su;GO88Q.su;
2023-11-02;GO88R.su;GO88R.su;
2023-11-02;GO88S.su;GO88S.su;
2023-11-02;GO88T.su;GO88T.su;
2023-11-02;GO88U.su;GO88U.su;
2023-11-02;GO88V.su;GO88V.su;
2023-11-02;GO88W.su;GO88W.su;
2023-11-02;GO88X.su;GO88X.su;
2023-11-02;GO88Y.su;GO88Y.su;
2023-11-02;GO88Z.su;GO88Z.su;
2023-11-02;HASS.su;HASS.su;
2023-11-02;ICPA.su;ICPA.su;
2023-11-02;KREPI.su;KREPI.su;
2023-11-02;KSN.su;KSN.su;
2023-11-02;KUTSENKO.su;KUTSENKO.su;
2023-11-02;MAERSKLINECONTAINERS.su;MAERSKLINECONTAINERS.su;
2023-11-02;MC-FACTOR.su;MC-FACTOR.su;
2023-11-02;MEDSTAFF.su;MEDSTAFF.su;
2023-11-02;MFL.su;MFL.su;
2023-11-02;MICROSOFTSECURITYTEAMINFORMATIONS.su;MICROSOFTSECURITYTEAMINFORMATIONS.su;
2023-11-02;MOSKVA.su;MOSKVA.su;
2023-11-02;MPRLNR.su;MPRLNR.su;
2023-11-02;NEO-PLAN.su;NEO-PLAN.su;
2023-11-02;NICE-TOWER.su;NICE-TOWER.su;
2023-11-02;NICETOWER.su;NICETOWER.su;
2023-11-02;PIMA.su;PIMA.su;
2023-11-02;POVOLNAM.su;POVOLNAM.su;
2023-11-02;PROMPTS.su;PROMPTS.su;
2023-11-02;PYP.su;PYP.su;
2023-11-02;QSTAFF.su;QSTAFF.su;
2023-11-02;SKORMC.su;SKORMC.su;
2023-11-02;SLAVACASINO.su;SLAVACASINO.su;
2023-11-02;SMART-PAYMENTS.su;SMART-PAYMENTS.su;
2023-11-02;SMPBANK.su;SMPBANK.su;
2023-11-02;SOKIRKIN.su;SOKIRKIN.su;
2023-11-02;SPORTSMEN.su;SPORTSMEN.su;
2023-11-02;SSSSS.su;SSSSS.su;
2023-11-02;SSSTIKTOK.su;SSSTIKTOK.su;
2023-11-02;STOCKX.su;STOCKX.su;
2023-11-02;SVETOPAPER.su;SVETOPAPER.su;
2023-11-02;SYSCAT.su;SYSCAT.su;
2023-11-02;UNIKUM.su;UNIKUM.su;
2023-11-02;UNIVERSALHOST.su;UNIVERSALHOST.su;
2023-11-02;VRNEXT.su;VRNEXT.su;
2023-11-02;VYKUP-AUTO.su;VYKUP-AUTO.su;
2023-11-02;WATERBOSS.su;WATERBOSS.su;
2023-11-02;YSH.su;YSH.su;
2023-11-02;XN----7SBABAFC5HPARG2A.su;вахта-работа.su;
2023-11-02;XN--C1APX.su;улг.su;
